[
  {
    "_id": "58a9bb8c3c1c388d2023e3f7",
    "index": 0,
    "guid": "fb0498ca-1145-4d89-a9d2-148795267837",
    "isActive": false,
    "balance": "$3,484.74",
    "picture": "http://placehold.it/32x32",
    "age": 30,
    "eyeColor": "green",
    "name": "Freida Bolton",
    "gender": "female",
    "company": "COMVOY",
    "email": "freidabolton@comvoy.com",
    "phone": "+1 (895) 408-3067",
    "address": "391 Sheffield Avenue, Tolu, Oklahoma, 9007",
    "about": "Ad est et irure dolor. Sunt irure commodo occaecat sint adipisicing laboris tempor pariatur. Ullamco fugiat cillum officia consequat. Ex mollit eu ipsum ullamco labore.\r\n",
    "registered": "2014-11-23T08:40:50 +05:00",
    "latitude": -76.713369,
    "longitude": 46.066712,
    "tags": [
      "do",
      "et",
      "enim",
      "sint",
      "aliqua",
      "consequat",
      "sint"
    ],
    "friends": [
      {
        "id": 0,
        "name": "Sanchez Wilson"
      },
      {
        "id": 1,
        "name": "Robles Rose"
      },
      {
        "id": 2,
        "name": "Laura Gonzalez"
      }
    ],
    "greeting": "Hello, Freida Bolton! You have 9 unread messages.",
    "favoriteFruit": "banana"
  },
  {
    "_id": "58a9bb8c34e1aea68a29c6d7",
    "index": 1,
    "guid": "a8877c2e-b777-4a06-8d68-9a3a051496de",
    "isActive": true,
    "balance": "$3,161.50",
    "picture": "http://placehold.it/32x32",
    "age": 30,
    "eyeColor": "brown",
    "name": "Gonzalez Robbins",
    "gender": "male",
    "company": "QUORDATE",
    "email": "gonzalezrobbins@quordate.com",
    "phone": "+1 (893) 409-2771",
    "address": "412 Schermerhorn Street, Lacomb, New York, 3958",
    "about": "Dolore dolor non laboris qui dolor duis. Consectetur dolor mollit nisi occaecat et enim ex elit laboris enim cupidatat Lorem cupidatat sint. Elit laborum voluptate proident aliqua minim sint ex. Mollit qui exercitation proident aute tempor consectetur sit laborum duis deserunt ex deserunt sit commodo. Elit nisi pariatur nisi incididunt non magna irure deserunt velit cillum. Occaecat dolore aliquip pariatur duis cillum non aute excepteur irure laboris duis. Sunt et ea laboris reprehenderit exercitation voluptate velit exercitation.\r\n",
    "registered": "2015-04-15T06:54:14 +04:00",
    "latitude": -25.298615,
    "longitude": -140.296929,
    "tags": [
      "quis",
      "esse",
      "nisi",
      "do",
      "in",
      "ad",
      "consectetur"
    ],
    "friends": [
      {
        "id": 0,
        "name": "Case Moody"
      },
      {
        "id": 1,
        "name": "Peterson Rojas"
      },
      {
        "id": 2,
        "name": "Lacy Oneill"
      }
    ],
    "greeting": "Hello, Gonzalez Robbins! You have 9 unread messages.",
    "favoriteFruit": "apple"
  },
  {
    "_id": "58a9bb8cefcfe29fda86ea62",
    "index": 2,
    "guid": "5124fc3c-2c28-40e2-b4bc-ae26b5a0bd99",
    "isActive": true,
    "balance": "$3,016.04",
    "picture": "http://placehold.it/32x32",
    "age": 31,
    "eyeColor": "brown",
    "name": "Bruce Powell",
    "gender": "male",
    "company": "QOT",
    "email": "brucepowell@qot.com",
    "phone": "+1 (828) 530-2467",
    "address": "658 Verona Street, Como, North Carolina, 8123",
    "about": "Aute esse occaecat cupidatat veniam amet deserunt amet ut eiusmod do id amet commodo. Sint enim sunt pariatur incididunt deserunt nulla laboris irure officia exercitation minim. Mollit sunt est aute consectetur. Consequat et nisi consequat dolore nostrud tempor ut ex labore non.\r\n",
    "registered": "2017-01-21T11:46:40 +05:00",
    "latitude": 3.64519,
    "longitude": 47.961283,
    "tags": [
      "tempor",
      "cupidatat",
      "commodo",
      "sit",
      "et",
      "dolore",
      "consectetur"
    ],
    "friends": [
      {
        "id": 0,
        "name": "Gardner Weaver"
      },
      {
        "id": 1,
        "name": "Cain Meyers"
      },
      {
        "id": 2,
        "name": "Rhoda Harrison"
      }
    ],
    "greeting": "Hello, Bruce Powell! You have 2 unread messages.",
    "favoriteFruit": "apple"
  },
  {
    "_id": "58a9bb8c5357034bfafca304",
    "index": 3,
    "guid": "910e5f0c-8b95-4300-becf-aedf6a62d1c0",
    "isActive": false,
    "balance": "$3,138.94",
    "picture": "http://placehold.it/32x32",
    "age": 23,
    "eyeColor": "blue",
    "name": "Nguyen Cunningham",
    "gender": "male",
    "company": "IRACK",
    "email": "nguyencunningham@irack.com",
    "phone": "+1 (983) 569-3163",
    "address": "390 Imlay Street, Faxon, Maryland, 3342",
    "about": "Velit ullamco laboris ea aute irure proident laboris adipisicing. Qui cupidatat ad ex laborum magna dolore aliquip. Enim sunt officia ullamco reprehenderit ad ex incididunt dolor officia laborum pariatur quis. Adipisicing magna deserunt id Lorem ex enim duis quis officia qui laborum officia. Lorem aliquip sint sunt sunt dolor consequat consectetur nisi commodo dolore eu sit proident. Aute exercitation proident tempor laborum.\r\n",
    "registered": "2015-10-11T11:00:37 +04:00",
    "latitude": -57.009616,
    "longitude": 135.714212,
    "tags": [
      "laboris",
      "eiusmod",
      "esse",
      "in",
      "sint",
      "elit",
      "nulla"
    ],
    "friends": [
      {
        "id": 0,
        "name": "Aimee Savage"
      },
      {
        "id": 1,
        "name": "Corina Flores"
      },
      {
        "id": 2,
        "name": "Todd Tanner"
      }
    ],
    "greeting": "Hello, Nguyen Cunningham! You have 10 unread messages.",
    "favoriteFruit": "apple"
  },
  {
    "_id": "58a9bb8c13bf75b038c88c1d",
    "index": 4,
    "guid": "870c6aaa-cab7-41d2-a760-0b8b2f2c6287",
    "isActive": false,
    "balance": "$2,747.27",
    "picture": "http://placehold.it/32x32",
    "age": 32,
    "eyeColor": "brown",
    "name": "Deborah Cline",
    "gender": "female",
    "company": "KYAGURU",
    "email": "deborahcline@kyaguru.com",
    "phone": "+1 (901) 453-2775",
    "address": "857 Irving Avenue, Salunga, Montana, 9246",
    "about": "Occaecat voluptate occaecat quis cillum. Fugiat id dolore excepteur reprehenderit deserunt occaecat ut. Tempor ad ex cillum aute est ex non nulla fugiat velit id eu velit aliqua.\r\n",
    "registered": "2015-06-29T04:06:16 +04:00",
    "latitude": 81.560025,
    "longitude": -83.590194,
    "tags": [
      "velit",
      "et",
      "aliqua",
      "cillum",
      "ullamco",
      "eiusmod",
      "Lorem"
    ],
    "friends": [
      {
        "id": 0,
        "name": "Kaufman Owen"
      },
      {
        "id": 1,
        "name": "Nettie Nixon"
      },
      {
        "id": 2,
        "name": "Solis Whitehead"
      }
    ],
    "greeting": "Hello, Deborah Cline! You have 9 unread messages.",
    "favoriteFruit": "banana"
  },
  {
    "_id": "58a9bb8ca713d867aa2f322c",
    "index": 5,
    "guid": "25ec009e-d9de-4857-bcb3-a7196ecca502",
    "isActive": true,
    "balance": "$1,610.08",
    "picture": "http://placehold.it/32x32",
    "age": 22,
    "eyeColor": "blue",
    "name": "Effie Ballard",
    "gender": "female",
    "company": "BUZZMAKER",
    "email": "effieballard@buzzmaker.com",
    "phone": "+1 (857) 565-3698",
    "address": "450 Vine Street, Cetronia, American Samoa, 8214",
    "about": "Proident commodo cillum non magna aliqua pariatur id exercitation veniam sunt enim est est irure. Id voluptate veniam amet irure. Quis magna officia adipisicing esse excepteur. Ad adipisicing dolor culpa nisi esse consectetur aute sint qui est aute officia.\r\n",
    "registered": "2016-02-06T01:13:42 +05:00",
    "latitude": 13.620544,
    "longitude": -18.098826,
    "tags": [
      "occaecat",
      "veniam",
      "labore",
      "ipsum",
      "labore",
      "nostrud",
      "ea"
    ],
    "friends": [
      {
        "id": 0,
        "name": "Snider Bowers"
      },
      {
        "id": 1,
        "name": "Shields Sampson"
      },
      {
        "id": 2,
        "name": "Martha Logan"
      }
    ],
    "greeting": "Hello, Effie Ballard! You have 1 unread messages.",
    "favoriteFruit": "strawberry"
  },
  {
    "_id": "58a9bb8c80eabd29d8ced628",
    "index": 6,
    "guid": "ad57cd4d-fa2c-4132-8d59-5a597f7400c6",
    "isActive": false,
    "balance": "$3,934.50",
    "picture": "http://placehold.it/32x32",
    "age": 21,
    "eyeColor": "brown",
    "name": "Lily Blair",
    "gender": "female",
    "company": "SKYBOLD",
    "email": "lilyblair@skybold.com",
    "phone": "+1 (955) 512-3460",
    "address": "904 Revere Place, Coinjock, Florida, 8436",
    "about": "Sint minim fugiat excepteur eu fugiat ea nisi sint deserunt velit Lorem. Minim tempor dolore voluptate proident incididunt pariatur officia amet. Sunt tempor sit occaecat voluptate magna aliqua dolore eiusmod eiusmod commodo. Esse pariatur culpa officia duis incididunt eiusmod est dolore nisi.\r\n",
    "registered": "2014-05-09T05:05:57 +04:00",
    "latitude": 49.922655,
    "longitude": 108.691582,
    "tags": [
      "consequat",
      "tempor",
      "nostrud",
      "nostrud",
      "deserunt",
      "do",
      "nisi"
    ],
    "friends": [
      {
        "id": 0,
        "name": "Jacquelyn Whitney"
      },
      {
        "id": 1,
        "name": "Tania Burton"
      },
      {
        "id": 2,
        "name": "Patrice Ferguson"
      }
    ],
    "greeting": "Hello, Lily Blair! You have 10 unread messages.",
    "favoriteFruit": "banana"
  }
]